1,1,75b2f08c-131b-11ed-a7ae-1cbfc0ccd488,https://github.com/rishit-singh/OpenShell.git,2022-08-03 19:01:01
1,1,941cc86e-131b-11ed-862c-1cbfc0ccd488,https://github.com/rishit-singh/OpenShell.git,2022-08-03 19:02:03
4,1,7294d0f4-1470-11ed-a47e-1cbfc0ccd488,https://github.com/rishit-singh/OpenShell.git,2022-08-05 11:41:13
6,1,cc6c967e-1471-11ed-81c3-1cbfc0ccd488,https://github.com/rishit-singh/OpenShell.git,2022-08-05 11:50:53
8,1,f793fa86-1471-11ed-9f94-1cbfc0ccd488,https://github.com/rishit-singh/OpenShell.git,2022-08-05 11:52:06
9,1,232b7778-1472-11ed-9335-1cbfc0ccd488,https://github.com/rishit-singh/OpenShell.git,2022-08-05 11:53:20
11,1,4fe970fe-1472-11ed-9ed8-1cbfc0ccd488,https://github.com/rishit-singh/OpenShell.git,2022-08-05 11:54:35
13,1,203fc0c6-1473-11ed-b9ce-1cbfc0ccd488,https://github.com/rishit-singh/OpenShell.git,2022-08-05 12:00:23
15,1,4a03e214-14b3-11ed-8545-1cbfc0ccd488,https://github.com/rishit-singh/OpenShell.git,2022-08-05 19:39:42
17,1,5f61fbb0-14b3-11ed-8657-1cbfc0ccd488,https://github.com/rishit-singh/OpenShell.git,2022-08-05 19:40:17
19,1,ee704958-14b3-11ed-a249-1cbfc0ccd488,https://github.com/rishit-singh/OpenShell.git,2022-08-05 19:44:17
21,2,d359db74-14b4-11ed-ba68-1cbfc0ccd488,https://github.com/rishit-singh/OpenShell.git,2022-08-05 19:50:41
22,2,dcc4f58c-14b4-11ed-a539-1cbfc0ccd488,https://github.com/rishit-singh/OpenShell.git,2022-08-05 19:50:57
23,2,f52caa9a-14b4-11ed-b059-1cbfc0ccd488,https://github.com/rishit-singh/OpenShell.git,2022-08-05 19:51:59
25,2,317490a4-14b6-11ed-9fe4-1cbfc0ccd488,https://github.com/rishit-singh/OpenShell.git,2022-08-05 20:00:48
27,2,51a8b1fa-14b6-11ed-aab7-1cbfc0ccd488,https://github.com/rishit-singh/OpenShell.git,2022-08-05 20:01:45
29,-1,9dda9f5c-14b6-11ed-9d8a-1cbfc0ccd488,https://github.com/rishit-singh/OpenShell.git,2022-08-05 20:04:31
31,2,82ec1c5c-14b7-11ed-a6ea-1cbfc0ccd488,https://github.com/rishit-singh/OpenShell.git,2022-08-05 20:09:56
33,2,a4160fba-14b7-11ed-a84a-1cbfc0ccd488,https://github.com/rishit-singh/OpenShell.git,2022-08-05 20:11:14
34,2,e0b96334-14b7-11ed-80a8-1cbfc0ccd488,https://github.com/rishit-singh/OpenShell.git,2022-08-05 20:12:41
